date_only,sentiment_score,post_count,normalized_post_count,weighted_sentiment_score,adj_close,lag_1,lag_2,lag_3,ma_5,ma_10,daily_return,log_return
2023-11-06,0.755774,4,0.0013495276653171,0.0010199379502681,177.92591857910156,175.36471557617188,176.2779998779297,169.05096435546875,172.85906066894532,172.54238586425782,0.014605007595254849,0.014499381674695914
2023-11-13,0.9038919,2,0.0006747638326585,0.0006099135769523,183.6970977783203,177.92591857910156,175.36471557617188,176.2779998779297,176.46333923339844,173.49078063964845,0.03243585445733155,0.031920917489546764
2023-11-16,0.43939176,2,0.0006747638326585,0.000296485669378,188.57781982421875,183.6970977783203,177.92591857910156,175.36471557617188,180.36871032714845,175.4295669555664,0.026569402047866397,0.02622256556435532
2023-11-17,0.9748753,2,0.0006747638326585,0.0006578105744401,188.5579071044922,188.57781982421875,183.6970977783203,177.92591857910156,182.82469177246094,177.1707962036133,-0.00010559417722144637,-0.00010559975267907193
2023-11-21,0.11735129,2,0.0006747638326585,7.918440861257946e-05,189.5022430419922,188.5579071044922,188.57781982421875,183.6970977783203,185.652197265625,178.88137512207032,0.005008201204612872,0.004995701880343042
2023-11-22,0.98645616,2,0.0006747638326585,0.0006656249364217,190.16824340820312,189.5022430419922,188.5579071044922,188.57781982421875,188.1006622314453,180.4798614501953,0.0035144722063440437,0.003508310880551663
2023-11-24,0.9461195,2,0.0006747638326585,0.0006384072113938,188.8362274169922,190.16824340820312,189.5022430419922,188.5579071044922,189.12848815917968,182.79591369628906,-0.00700440813533576,-0.007029054156622172
2023-11-30,0.7825724,2,0.0006747638326585,0.0005280515442975,188.81637573242188,188.8362274169922,190.16824340820312,189.5022430419922,189.17619934082032,184.77245483398437,-0.00010512646244764667,-0.00010513198862150151
2023-12-06,0.491746,2,0.0006747638326585,0.0003318124213199,191.17222595214844,188.81637573242188,188.8362274169922,190.16824340820312,189.69906311035157,186.26187744140626,0.01247693803351635,0.012399742488303587
2023-12-20,0.9742794,2,0.0006747638326585,0.0006574085045118,193.66725158691406,191.17222595214844,188.81637573242188,188.8362274169922,190.53206481933594,188.09213104248047,0.013051193092191937,0.012966760112237666
2023-12-22,0.92253363,2,0.0006747638326585,0.0006224923288291,192.444580078125,193.66725158691406,191.17222595214844,188.81637573242188,190.98733215332032,189.54399719238282,-0.0063132589468299916,-0.006333271841617094
2023-12-27,0.9466492,2,0.0006747638326585,0.0006387646381671,191.99725341796875,192.444580078125,193.66725158691406,191.17222595214844,191.61953735351562,190.37401275634767,-0.0023244440553984447,-0.0023271497691484573
2024-01-02,-0.99512327,2,0.0006747638326585,-0.0006714731897258,184.53208923339844,191.99725341796875,192.444580078125,193.66725158691406,190.76268005371094,189.9694396972656,-0.03888161966733461,-0.03965769306912724
2024-01-03,0.9869142,2,0.0006747638326585,0.0006659340198866,183.15037536621094,184.53208923339844,191.99725341796875,192.444580078125,189.15830993652344,189.4286865234375,-0.007487661755348651,-0.007515835017304764
2024-01-05,0.95563614,2,0.0006747638326585,0.0006448287069395,180.09869384765625,183.15037536621094,184.53208923339844,191.99725341796875,186.44459838867186,188.48833160400392,-0.016662163604376,-0.01680253894148625
2024-01-08,0.7452543,2,0.0006747638326585,0.0005028706330519,184.4525604248047,180.09869384765625,183.15037536621094,184.53208923339844,184.8461944580078,187.91676330566406,0.024174892577684792,0.0238873055666564
2024-01-16,0.97624147,2,0.0006747638326585,0.0006587324354812,182.5341033935547,184.4525604248047,180.09869384765625,183.15037536621094,182.953564453125,187.28655090332032,-0.010400815401161556,-0.010455281874652653
2024-01-18,0.6806499,4,0.0013495276653171,0.000918555838859,187.5042266845703,182.5341033935547,184.4525604248047,180.09869384765625,183.54799194335936,187.15533599853515,0.027228464153351783,0.02686436399929771
2024-01-19,0.08484763,2,0.0006747638326585,5.725211138345613e-05,190.416748046875,187.5042266845703,182.5341033935547,184.4525604248047,185.0012664794922,187.0797882080078,0.015533097113614946,0.015413693445763788
2024-01-23,0.9424013,4,0.0013495276653171,0.0012717966126044,194.01515197753906,190.416748046875,187.5042266845703,182.5341033935547,187.78455810546876,187.1145782470703,0.018897518036481875,0.018721178070591482
2024-01-25,0.9808812,2,0.0006747638326585,0.0006618631674371,193.01116943359375,194.01515197753906,190.416748046875,187.5042266845703,189.49627990722655,187.17123718261718,-0.005174763587853959,-0.005188199047209253
2024-01-29,0.8857559,4,0.0013495276653171,0.0011953520871367,190.5857391357422,193.01116943359375,194.01515197753906,190.416748046875,191.10660705566406,187.03008575439452,-0.01256626911784009,-0.012645892426133511
2024-02-01,0.62981206,6,0.0020242914979757,0.0012749232019972,185.74481201171875,190.5857391357422,193.01116943359375,194.01515197753906,190.75472412109374,187.15135803222657,-0.02540025893844844,-0.025728414259662127
2024-02-02,0.94823,6,0.0020242914979757,0.0019194939841143,184.7408447265625,185.74481201171875,190.5857391357422,193.01116943359375,189.61954345703126,187.3104049682617,-0.005405089241969807,-0.005419749587674585
2024-02-06,0.91795933,4,0.0013495276653171,0.001238811514799,188.1702423095703,184.7408447265625,185.74481201171875,190.5857391357422,188.4505615234375,188.11755981445313,0.018563288416720836,0.01839309360221745
2024-02-15,0.47565168,2,0.0006747638326585,0.0003209525515676,182.9959259033203,188.1702423095703,184.7408447265625,185.74481201171875,186.4475128173828,187.97189636230468,-0.027498058899969036,-0.027883207501778615
2024-02-16,0.96675074,4,0.0013495276653171,0.001304656870452,181.4532012939453,182.9959259033203,188.1702423095703,184.7408447265625,184.62100524902343,187.86380615234376,-0.008430376806257689,-0.008466113423310924
2024-02-20,0.8237231,2,0.0006747638326585,0.0005558185410081,180.7067413330078,181.4532012939453,182.9959259033203,188.1702423095703,183.61339111328124,187.1840576171875,-0.004113787773456057,-0.00412227267643355
2024-02-21,0.9789206,2,0.0006747638326585,0.0006605402017251,181.4631805419922,180.7067413330078,181.4532012939453,182.9959259033203,182.95785827636718,186.28870086669923,0.004186004370420271,0.004177267427560048
2024-02-23,0.98440605,2,0.0006747638326585,0.0006642416019027,181.6622314453125,181.4631805419922,180.7067413330078,181.4532012939453,181.65625610351563,185.05340881347655,0.0010969217156107103,0.0010963205365763498
2024-02-27,0.9488493,2,0.0006747638326585,0.0006402492040564,181.77171325683594,181.6622314453125,181.4631805419922,180.7067413330078,181.41141357421876,183.9294631958008,0.0006026668870704466,0.00060248535631345
2024-02-28,0.96366245,6,0.0020242914979757,0.0019507336954356,180.56739807128906,181.77171325683594,181.6622314453125,181.4631805419922,181.2342529296875,182.92762908935546,-0.006625426827799208,-0.0066474723962779494
2024-02-29,0.18087551,4,0.0013495276653171,0.0002440965046927,179.90054321289062,180.56739807128906,181.77171325683594,181.6622314453125,181.07301330566406,182.34320220947265,-0.00369310775655729,-0.003699944115805946
2024-03-01,0.96880406,6,0.0020242914979757,0.0019611418247222,178.815673828125,179.90054321289062,180.56739807128906,181.77171325683594,180.54351196289062,181.7506851196289,-0.006030384152213575,-0.006048640350319253
2024-03-04,0.99197066,4,0.0013495276653171,0.0013386918465618,174.27708435058594,178.815673828125,179.90054321289062,180.56739807128906,179.0664825439453,180.36136932373046,-0.025381385089885855,-0.025709048703714685
2024-03-05,0.8266978,4,0.0013495276653171,0.0011156515875647,169.3205108642578,174.27708435058594,178.815673828125,179.90054321289062,176.57624206542968,178.99382781982422,-0.02844076434258669,-0.02885303862415126
2024-03-06,0.94285184,2,0.0006747638326585,0.0006362023221658,168.32518005371094,169.3205108642578,174.27708435058594,178.815673828125,174.12779846191407,177.68102569580077,-0.0058783829877812055,-0.0058957286909183115
2024-03-07,0.08565521,2,0.0006747638326585,5.77970394077893e-05,168.20574951171875,168.32518005371094,169.3205108642578,174.27708435058594,171.7888397216797,176.43092651367186,-0.0007095227342343025,-0.0007097745646161333
2024-03-08,0.8079541,4,0.0013495276653171,0.0010903563737547,169.92762756347656,168.20574951171875,168.32518005371094,169.3205108642578,170.01123046875,175.27737121582032,0.010236737190947531,0.010184696645723974
2024-03-12,0.8047734,2,0.0006747638326585,0.0005430319772558,172.41586303710938,169.92762756347656,168.20574951171875,168.32518005371094,169.63898620605468,174.352734375,0.014642913040749272,0.01453674078209069
2024-03-13,0.9245708,4,0.0013495276653171,0.0012477338716246,170.32574462890625,172.41586303710938,169.92762756347656,168.20574951171875,169.84003295898438,173.20813751220703,-0.012122541229012462,-0.01219661851059486
2024-03-14,0.9938833,4,0.0013495276653171,0.0013412730253016,172.1869659423828,170.32574462890625,172.41586303710938,169.92762756347656,170.61239013671874,172.3700942993164,0.010927422143561794,0.010868149275051244
2024-03-18,0.9725397,2,0.0006747638326585,0.0006562346308498,172.90357971191406,172.1869659423828,170.32574462890625,172.41586303710938,171.5519561767578,171.67039794921874,0.004161835163359884,0.0041531986815133825
2024-03-19,0.5112418,6,0.0020242914979757,0.0010349024162601,175.2524871826172,172.90357971191406,172.1869659423828,170.32574462890625,172.61692810058594,171.31407928466797,0.013585071371088997,0.013493621592620852
2024-03-21,0.082404554,4,0.0013495276653171,0.0001112072252229,170.5646209716797,175.2524871826172,172.90357971191406,172.1869659423828,172.2466796875,170.94283294677734,-0.02674921358492699,-0.02711348446202631
2024-03-22,0.8656326,2,0.0006747638326585,0.0005840975665531,171.47035217285156,170.5646209716797,175.2524871826172,172.90357971191406,172.47560119628906,171.1578170776367,0.005310193849181966,0.005296144484443718
2024-03-25,0.9872005,2,0.0006747638326585,0.0006661271920249,170.0470733642578,171.47035217285156,170.5646209716797,175.2524871826172,172.04762268066406,171.33000640869142,-0.00830043672598868,-0.008335077171306864
2024-03-26,0.95666397,2,0.0006747638326585,0.0006455222443852,168.9124298095703,170.0470733642578,171.47035217285156,170.5646209716797,171.2493927001953,171.40067443847656,-0.0066725262142970365,-0.0066948870416484235
2024-03-27,0.6356046,8,0.0026990553306342,0.0017155320377324,172.49551391601562,168.9124298095703,170.0470733642578,171.47035217285156,170.697998046875,171.65746307373047,0.021212672806168564,0.02099081602829416
2024-04-01,0.9596814,2,0.0006747638326585,0.0006475582940054,169.2309112548828,172.49551391601562,168.9124298095703,170.0470733642578,170.43125610351564,171.3389678955078,-0.01892572500594003,-0.01910710873136103
2024-04-02,0.95052195,4,0.0013495276653171,0.0012827556625551,168.04649353027344,169.2309112548828,172.49551391601562,168.9124298095703,169.746484375,171.11104278564454,-0.00699882613540681,-0.007023432798093005
2024-04-03,0.96567726,2,0.0006747638326585,0.0006516040899814,168.85269165039062,168.04649353027344,169.2309112548828,172.49551391601562,169.50760803222656,170.77761535644532,0.0047974706474429585,0.004785999458966189
2024-04-05,0.77396953,8,0.0026990553306342,0.002088986588554,168.78302001953125,168.85269165039062,168.04649353027344,169.2309112548828,169.48172607421876,170.36555938720704,-0.000412617827873496,-0.0004127029780332237
2024-04-09,0.8680204,2,0.0006747638326585,0.0005857087822578,168.8726043701172,168.78302001953125,168.85269165039062,168.04649353027344,168.75714416503905,169.72757110595703,0.0005307663684153141,0.0005306255617678126
2024-04-10,0.99500126,4,0.0013495276653171,0.001342781722626,166.99148559570312,168.8726043701172,168.78302001953125,168.85269165039062,168.30925903320312,169.37025756835936,-0.011139277335305509,-0.01120178370238854
2024-04-11,0.96883327,6,0.0020242914979757,0.0019612009467383,174.2173614501953,166.99148559570312,168.8726043701172,168.78302001953125,169.5434326171875,169.64495849609375,0.04327092383611997,0.04236089668534989
2024-04-15,0.820159,2,0.0006747638326585,0.0005534136424019,171.87840270996094,174.2173614501953,166.99148559570312,168.8726043701172,170.14857482910156,169.82809143066407,-0.013425520400290436,-0.013516457535392405
2024-04-16,0.8894693,4,0.0013495276653171,0.0012003634622705,168.583984375,171.87840270996094,174.2173614501953,166.99148559570312,170.1087677001953,169.79524688720704,-0.019167145394760055,-0.01935321659895197
2024-04-18,-0.044677794,2,0.0006747638326585,-3.014695950043507e-05,166.2549591064453,168.583984375,171.87840270996094,174.2173614501953,169.58523864746093,169.17119140625,-0.013815222585877307,-0.0139115409083589
2024-04-23,0.9754431,2,0.0006747638326585,0.000658193741411,166.11561584472656,166.2549591064453,168.583984375,171.87840270996094,169.41006469726562,168.8596618652344,-0.0008381299569508727,-0.0008384813842381208
2024-05-02,0.794781,6,0.0020242914979757,0.0016088684802113,172.21682739257812,166.11561584472656,166.2549591064453,168.583984375,169.00995788574218,169.27669525146484,0.03672870558752628,0.0360702803506079
2024-05-03,0.39467704,8,0.0026990553306342,0.0010652551766831,182.51817321777344,172.21682739257812,166.11561584472656,166.2549591064453,171.13791198730468,170.64324340820312,0.059816139811429636,0.0580954400711778
2024-05-06,0.014850244,2,0.0006747638326585,1.0020407507454978e-05,180.85604858398438,182.51817321777344,172.21682739257812,166.11561584472656,173.59232482910156,171.85054626464844,-0.009106625408779823,-0.009148344193324871
2024-05-10,-0.2941154,2,0.0006747638326585,-0.0001984584307381,182.43685913085938,180.85604858398438,182.51817321777344,172.21682739257812,176.82870483398438,173.20697174072265,0.008740711517541078,0.008702732646410145
2024-05-15,0.9476466,6,0.0020242914979757,0.0019183129916789,189.0845184326172,182.43685913085938,180.85604858398438,182.51817321777344,181.4224853515625,175.41627502441406,0.03643813719128741,0.03578996678187261
2024-05-16,0.7364786,2,0.0006747638326585,0.0004969491408421,189.2041015625,189.0845184326172,182.43685913085938,180.85604858398438,184.81994018554687,176.91494903564453,0.0006324321571860025,0.0006322322562473619
2024-05-17,0.96021307,2,0.0006747638326585,0.0006479170480076,189.23399353027344,189.2041015625,189.0845184326172,182.43685913085938,186.16310424804686,178.65050811767577,0.00015798794807597716,0.0001579754692944226
2024-05-20,0.7713368,6,0.0020242914979757,0.0015614105139666,190.40008544921875,189.23399353027344,189.2041015625,189.0845184326172,188.07191162109376,180.83211822509764,0.006162169371322523,0.006143260844247993
2024-05-21,0.96460545,4,0.0013495276653171,0.0013017617417411,191.70570373535156,190.40008544921875,189.23399353027344,189.2041015625,189.9256805419922,183.37719268798827,0.0068572358203118355,0.006833831908609462
2024-05-22,0.33121938,2,0.0006747638326585,0.0002234948550158,190.2605438232422,191.70570373535156,190.40008544921875,189.23399353027344,190.1608856201172,185.79168548583985,-0.00753842939438254,-0.007566986963250858
2024-05-24,0.006051403,2,0.0006747638326585,4.083267884396831e-06,189.3436279296875,190.2605438232422,191.70570373535156,190.40008544921875,190.18879089355468,187.50436553955078,-0.004819264547075708,-0.004830914647477774
2024-05-29,-0.46867874,4,0.0013495276653171,-0.0006324949293484,189.65260314941406,189.3436279296875,190.2605438232422,191.70570373535156,190.27251281738282,188.21780853271486,0.0016318226449179019,0.001630492669005629
2024-05-30,0.7567558,4,0.0013495276653171,0.001021262926933,190.6492462158203,189.65260314941406,189.3436279296875,190.2605438232422,190.3223449707031,189.19712829589844,0.005255098268390546,0.005241338424654252
2024-06-03,0.76219404,2,0.0006747638326585,0.0005143009699307,193.38006591796875,190.6492462158203,189.65260314941406,189.3436279296875,190.65721740722657,190.29144897460938,0.014323789662703756,0.014222173391456023
2024-06-04,0.7438874,8,0.0026990553306342,0.0020077933184048,193.69898986816406,193.38006591796875,190.6492462158203,189.65260314941406,191.34490661621095,190.75289611816407,0.0016492079919478986,0.0016478495418203295
2024-06-05,0.95466304,2,0.0006747638326585,0.0006441720905895,195.21389770507812,193.69898986816406,193.38006591796875,190.6492462158203,192.51896057128906,191.35387573242187,0.0078209382400245,0.007790513234314157
2024-06-06,0.9049717,4,0.0013495276653171,0.0012212843708342,193.82855224609375,195.21389770507812,193.69898986816406,193.38006591796875,193.354150390625,191.8133316040039,-0.007096551399620621,-0.007121851688091251
2024-06-07,0.92889935,2,0.0006747638326585,0.0006267876840635,196.23048400878906,193.82855224609375,195.21389770507812,193.69898986816406,194.47039794921875,192.39637145996093,0.012392043044544332,0.01231589016026154
2024-06-10,0.9798333,26,0.0087719298245614,0.0085950289901934,192.4730987548828,196.23048400878906,193.82855224609375,195.21389770507812,194.28900451660155,192.47311096191407,-0.019147816267619078,-0.01933350994190576
2024-06-11,0.91210747,12,0.0040485829959514,0.0036927427840136,206.45611572265625,192.4730987548828,196.23048400878906,193.82855224609375,196.8404296875,194.09266815185546,0.0726492016714555,0.07013147792191345
2024-06-12,0.85484064,10,0.0033738191632928,0.002884077720153,212.35630798339844,206.45611572265625,192.4730987548828,196.23048400878906,200.26891174316407,196.39393615722656,0.028578432952154564,0.02817768675810435
2024-06-13,0.80406666,6,0.0020242914979757,0.0016276652996356,213.52236938476562,212.35630798339844,206.45611572265625,192.4730987548828,204.20767517089843,198.78091278076172,0.005491060813970883,0.005476039901613616
2024-06-14,0.986385,4,0.0013495276653171,0.0013311538297316,211.77822875976562,213.52236938476562,212.35630798339844,206.45611572265625,207.31722412109374,200.89381103515626,-0.008168421088738831,-0.008201965434730512
2024-06-17,0.54812044,14,0.0047233468286099,0.0025889629374953,215.94422912597656,211.77822875976562,213.52236938476562,212.35630798339844,212.0114501953125,203.15022735595704,0.019671523322337015,0.01948053947297214
2024-06-18,0.6390587,10,0.0033738191632928,0.0021560685193812,213.5721893310547,215.94422912597656,211.77822875976562,213.52236938476562,213.43466491699218,205.1375473022461,-0.010984501899043986,-0.011045277006011418
2024-06-20,0.81799555,6,0.0020242914979757,0.0016558614337009,208.97763061523438,213.5721893310547,215.94422912597656,211.77822875976562,212.75892944335936,206.51392059326173,-0.021512907322864816,-0.021747683160819976
2024-06-21,0.48732132,8,0.0026990553306342,0.0013153071989092,206.7949981689453,208.97763061523438,213.5721893310547,215.94422912597656,211.4134552001953,207.81056518554686,-0.010444335309302444,-0.010499260149686085
2024-06-24,0.66759056,14,0.0047233468286099,0.0031532617474374,207.44281005859375,206.7949981689453,208.97763061523438,213.5721893310547,210.54637145996094,208.93179779052736,0.003132628426143924,0.003127731968904839
2024-06-25,0.66107285,6,0.0020242914979757,0.0013382041502578,208.36968994140625,207.44281005859375,206.7949981689453,208.97763061523438,209.03146362304688,210.52145690917968,0.004468122479398984,0.004458170054909073
2024-06-26,0.6510975,6,0.0020242914979757,0.0013180110859967,212.5356903076172,208.36968994140625,207.44281005859375,206.7949981689453,208.82416381835938,211.1294143676758,0.01999331269045146,0.019796071088855928
2024-06-28,0.89072573,8,0.0026990553306342,0.0024041180346819,209.91448974609375,212.5356903076172,208.36968994140625,207.44281005859375,209.01153564453125,210.8852325439453,-0.012332990086180828,-0.012409672543344148
2024-07-01,0.37039676,6,0.0020242914979757,0.0007497910183933,216.02395629882812,209.91448974609375,212.5356903076172,208.36968994140625,210.85732727050782,211.13539123535156,0.029104549000520175,0.028689054217955864
2024-07-02,0.71720177,10,0.0033738191632928,0.0024197090733871,219.5321807861328,216.02395629882812,209.91448974609375,212.5356903076172,213.27520141601562,211.9107864379883,0.016239978877397032,0.01610952094801431
2024-07-03,0.44035876,4,0.0013495276653171,0.0005942763265488,220.80789184570312,219.5321807861328,216.02395629882812,209.91448974609375,215.762841796875,212.39715270996095,0.005811043533581639,0.005794224545898252
2024-07-05,0.77182895,6,0.0020242914979757,0.001562406780266,225.5818328857422,220.80789184570312,219.5321807861328,216.02395629882812,218.3720703125,213.59811706542968,0.021620337027514536,0.021389932573596802
2024-07-08,0.5979014,12,0.0040485829959514,0.002420653457101,227.056884765625,225.5818328857422,220.80789184570312,219.5321807861328,221.80054931640626,215.40604248046876,0.00653887709401646,0.006517591376598336
2024-07-09,0.65866584,6,0.0020242914979757,0.0013333316515331,227.9139862060547,227.056884765625,225.5818328857422,220.80789184570312,224.17855529785157,217.5179412841797,0.0037748313217387253,0.003767724525009537
2024-07-10,0.8675114,10,0.0033738191632928,0.0029268265574888,232.19960021972656,227.9139862060547,227.056884765625,225.5818328857422,226.7120391845703,219.99362030029297,0.018803646432638432,0.018629043261477504
2024-07-11,0.9217826,10,0.0033738191632928,0.0031099278434568,226.80772399902344,232.19960021972656,227.9139862060547,227.056884765625,227.91200561523436,221.8374237060547,-0.023220867803393608,-0.023494719848931197
2024-07-12,0.9833994,6,0.0020242914979757,0.0019906870266686,229.76776123046875,226.80772399902344,232.19960021972656,227.9139862060547,228.7491912841797,223.56063079833984,0.013050866078344159,0.012966437311274804
2024-07-15,0.85722184,4,0.0013495276653171,0.0011568445908395,233.61483764648438,229.76776123046875,226.80772399902344,232.19960021972656,230.06078186035157,225.9306655883789,0.016743325501425765,0.01660470124116259
2024-07-16,0.9218566,6,0.0020242914979757,0.001866106441629,234.03343200683594,233.61483764648438,229.76776123046875,226.80772399902344,231.2846710205078,227.7316131591797,0.0017918141012300826,0.0017902107173682243
2024-07-17,0.79284793,16,0.0053981106612685,0.0042798808711743,228.1133270263672,234.03343200683594,233.61483764648438,229.76776123046875,230.46741638183593,228.58972778320313,-0.025295979850843864,-0.025621423148498124
2024-07-18,0.83068585,8,0.0026990553306342,0.0022420670822081,223.42906188964844,228.1133270263672,234.03343200683594,233.61483764648438,229.79168395996095,228.85184478759766,-0.020534815732959344,-0.02074858662227469
2024-07-19,0.99073,2,0.0006747638326585,0.0006685087635771,223.5586395263672,223.42906188964844,228.1133270263672,234.03343200683594,228.54985961914062,228.64952545166017,0.0005799497864014125,0.0005797816805162136
2024-07-23,0.9480988,10,0.0033738191632928,0.0031987138283558,224.2563018798828,223.5586395263672,223.42906188964844,228.1133270263672,226.67815246582032,228.36946716308594,0.0031207130039514475,0.0031158536861909288
2024-07-24,0.051202804,2,0.0006747638326585,3.454980016880833e-05,217.80795288085938,224.2563018798828,223.5586395263672,223.42906188964844,223.433056640625,227.3588638305664,-0.028754371426660374,-0.029175878135798947
2024-07-26,0.90190965,2,0.0006747638326585,0.000608576011722,217.2299041748047,217.80795288085938,224.2563018798828,223.5586395263672,221.2563720703125,225.8618942260742,-0.002653937555580854,-0.0026574654911849464
2024-07-29,0.32614306,2,0.0006747638326585,0.0002200695385656,217.50897216796875,217.2299041748047,217.80795288085938,224.2563018798828,220.07235412597657,224.93201904296876,0.0012846665574159921,0.0012838420793781535
2024-07-30,0.98800147,2,0.0006747638326585,0.0006666676557337,218.06710815429688,217.50897216796875,217.2299041748047,217.80795288085938,218.9740478515625,223.76195373535157,0.0025660366134097057,0.002562749962702419
2024-07-31,0.6336322,6,0.0020242914979757,0.0012826562410424,221.3361053466797,218.06710815429688,217.50897216796875,217.2299041748047,218.39000854492187,222.5340805053711,0.014990785268128581,0.014879533898972438
2024-08-01,0.89857185,10,0.0033738191632928,0.0030316189233108,217.62855529785156,221.3361053466797,218.06710815429688,217.50897216796875,218.3541290283203,220.89359283447266,-0.016750769347011696,-0.016892650123625393
2024-08-02,0.8937967,2,0.0006747638326585,0.0006031016750052,219.12355041503906,217.62855529785156,221.3361053466797,218.06710815429688,218.73285827636718,219.99461517333984,0.006869480501496827,0.006845993123024403
2024-08-05,0.0940253,10,0.0033738191632928,0.0003172243554421,208.5690155029297,219.12355041503906,217.62855529785156,221.3361053466797,216.9448669433594,218.50861053466798,-0.04816704955774109,-0.049365731812341676
2024-08-06,0.69198996,4,0.0013495276653171,0.0009338595928289,206.5358428955078,208.5690155029297,219.12355041503906,217.62855529785156,214.63861389160155,216.80633087158202,-0.009748200625674053,-0.009796025390799098
2024-08-07,0.8037358,2,0.0006747638326585,0.0005423318438845,209.11717224121094,206.5358428955078,208.5690155029297,219.12355041503906,212.1948272705078,215.29241790771485,0.012498214883743364,0.012420756919218597
2024-08-13,0.831138,2,0.0006747638326585,0.0005608218723302,220.78408813476562,209.11717224121094,206.5358428955078,208.5690155029297,212.82593383789063,215.59003143310548,0.055791285663031154,0.05429051959706233
2024-08-15,0.9688574,2,0.0006747638326585,0.0006537499376315,224.22650146484375,220.78408813476562,209.11717224121094,206.5358428955078,213.84652404785157,216.28969116210936,0.015591763696199301,0.015471461024441625
2024-08-19,0.92464113,2,0.0006747638326585,0.0006239143943014,225.3939208984375,224.22650146484375,220.78408813476562,209.11717224121094,217.2115051269531,217.07818603515625,0.005206429329125406,0.00519292273640897
2024-08-21,0.8932148,4,0.0013495276653171,0.0012054181131113,225.90281677246094,225.3939208984375,224.22650146484375,220.78408813476562,221.08489990234375,217.86175689697265,0.002257806563703779,0.0022552615485123355
2024-08-26,0.9504922,2,0.0006747638326585,0.0006413577619673,226.68109130859375,225.90281677246094,225.3939208984375,224.22650146484375,224.59768371582032,218.39625549316406,0.003445174111824878,0.003439253094886829
2024-08-29,0.77862304,2,0.0006747638326585,0.0005253866696969,229.28536987304688,226.68109130859375,225.90281677246094,225.3939208984375,226.29794006347657,219.5619369506836,0.011488733133491857,0.01142323879298082
2024-08-30,0.9139112,2,0.0006747638326585,0.0006166742398188,228.49710083007812,229.28536987304688,226.68109130859375,225.90281677246094,227.15205993652344,220.4992919921875,-0.0034379386849026083,-0.0034438619759407027
2024-09-03,0.68567395,2,0.0006747638326585,0.0004626679838749,222.28079223632812,228.49710083007812,229.28536987304688,226.68109130859375,226.52943420410156,221.87046966552734,-0.027205196788788855,-0.027582109878242066
2024-09-04,0.34370655,2,0.0006747638326585,0.0002319207477826,220.36500549316406,222.28079223632812,228.49710083007812,229.28536987304688,225.4218719482422,223.25338592529297,-0.008618768737908789,-0.00865612512409976
2024-09-05,0.9635385,4,0.0013495276653171,0.0013003218994449,221.8916473388672,220.36500549316406,222.28079223632812,228.49710083007812,224.46398315429687,224.53083343505858,0.006927787115230011,0.006903900256664008
2024-09-06,-0.6273046,2,0.0006747638326585,-0.0004232824653105,220.33506774902344,221.8916473388672,220.36500549316406,222.28079223632812,222.67392272949218,224.48593139648438,-0.00701504364184824,-0.0070397647413981395
2024-09-10,0.9247617,2,0.0006747638326585,0.0006239957574568,219.62661743164062,220.33506774902344,221.8916473388672,220.36500549316406,220.8998260498047,224.02594299316405,-0.0032153316520172615,-0.003220511938038995
2024-09-16,0.9797246,4,0.0013495276653171,0.0013221654332118,215.84495544433594,219.62661743164062,220.33506774902344,221.8916473388672,219.61265869140624,223.0710464477539,-0.01721859595857833,-0.017368559920899935
2024-09-17,0.97225535,2,0.0006747638326585,0.0006560427457214,216.31390380859375,215.84495544433594,219.62661743164062,220.33506774902344,218.80243835449218,222.11215515136718,0.0021726167437754462,0.0021702600248984043
2024-09-18,0.88913995,6,0.0020242914979757,0.001799878441853,220.20535278320312,216.31390380859375,215.84495544433594,219.62661743164062,218.46517944335938,221.46458129882814,0.017989823613246525,0.017829921627724232
2024-09-19,0.7124011,6,0.0020242914979757,0.0014421074737904,228.3673858642578,220.20535278320312,216.31390380859375,215.84495544433594,220.07164306640624,221.3727828979492,0.037065552575783034,0.03639514091948372
2024-09-20,0.5755242,4,0.0013495276653171,0.0007766858447096,227.6988525390625,228.3673858642578,220.20535278320312,216.31390380859375,221.68609008789062,221.29295806884767,-0.0029274465907872527,-0.002931739943646299
2024-09-30,0.9399853,2,0.0006747638326585,0.0006342680669828,232.48831176757812,227.6988525390625,228.3673858642578,220.20535278320312,225.01476135253907,222.31371002197267,0.021034182540265345,0.020816018093470154
2024-10-01,0.953433,2,0.0006747638326585,0.0006433420898782,225.71322631835938,232.48831176757812,227.6988525390625,228.3673858642578,226.89462585449218,222.8485321044922,-0.02914161747620203,-0.02957466836789881
2024-10-03,0.9700397,2,0.0006747638326585,0.0006545477228769,225.17440795898438,225.71322631835938,232.48831176757812,227.6988525390625,227.88843688964843,223.17680816650392,-0.0023871811508955343,-0.002390035010510374
2024-10-09,0.9550609,2,0.0006747638326585,0.0006444405528054,229.03591918945312,225.17440795898438,225.71322631835938,232.48831176757812,228.0221435546875,224.04689331054686,0.01714897916450675,0.017003595191967383
2024-10-10,0.967082,4,0.0013495276653171,0.0013051039455068,228.53700256347656,229.03591918945312,225.17440795898438,225.71322631835938,228.1897735595703,224.93793182373048,-0.0021783335458569475,-0.002180709565511422
2024-10-14,0.9727066,2,0.0006747638326585,0.0006563472442137,230.79205322265625,228.53700256347656,229.03591918945312,225.17440795898438,227.85052185058595,226.4326416015625,0.00986733279024854,0.009818968552497602
2024-10-15,0.9648715,2,0.0006747638326585,0.0006510604087479,233.33645629882812,230.79205322265625,228.53700256347656,229.03591918945312,229.3751678466797,228.13489685058593,0.011024656354684748,0.010964327826691427
2024-10-17,0.63249546,2,0.0006747638326585,0.0004267850626818,231.6401824951172,233.33645629882812,230.79205322265625,228.53700256347656,230.66832275390624,229.27837982177735,-0.00726964757508175,-0.007296200226890522
2024-10-24,0.7779153,6,0.0020242914979757,0.0015747273257869,230.06365966796875,231.6401824951172,233.33645629882812,230.79205322265625,230.87387084960938,229.44800720214843,-0.006805912558723093,-0.006829178405235869
2024-10-28,0.98419946,6,0.0020242914979757,0.0019923066079375,232.88743591308594,230.06365966796875,231.6401824951172,233.33645629882812,231.74395751953125,229.96686553955078,0.012273890840441837,0.012199177370996694
2024-10-29,0.95571,4,0.0013495276653171,0.0012897570767061,233.15684509277344,232.88743591308594,230.06365966796875,231.6401824951172,232.2169158935547,230.03371887207032,0.0011568214430770496,0.0011561528407374728
2024-10-30,0.9767163,8,0.0026990553306342,0.0026362112820068,229.59469604492188,233.15684509277344,232.88743591308594,230.06365966796875,231.46856384277345,230.42186584472657,-0.015277908939084206,-0.01539581867423149
2024-10-31,0.93224835,4,0.0013495276653171,0.0012580949446128,225.4138946533203,229.59469604492188,233.15684509277344,232.88743591308594,230.22330627441406,230.44581451416016,-0.018209485949028936,-0.018377319198534164
2024-11-01,0.8651943,2,0.0006747638326585,0.0005838018358155,222.4204864501953,225.4138946533203,229.59469604492188,233.15684509277344,228.69467163085938,229.78427124023438,-0.013279608196862802,-0.0133685706627226
2024-11-04,0.8625494,2,0.0006747638326585,0.0005820171553113,221.52244567871094,222.4204864501953,225.4138946533203,229.59469604492188,226.4216735839844,229.08281555175782,-0.004037581186054351,-0.004045754223925359
2024-11-05,0.97294486,4,0.0013495276653171,0.0013130159995816,222.95928955078125,221.52244567871094,222.4204864501953,225.4138946533203,224.38216247558594,228.2995391845703,0.006486222502952499,0.006465277482363723
2024-11-06,0.29396847,6,0.0020242914979757,0.0005950778722763,222.23089599609375,222.95928955078125,221.52244567871094,222.4204864501953,222.9094024658203,227.18898315429686,-0.003266935215639921,-0.003272283299563934
2024-11-07,0.16028883,2,0.0006747638326585,0.0001081571023152,226.98043823242188,222.23089599609375,222.95928955078125,221.52244567871094,223.22271118164062,226.72300872802734,0.021372105867816016,0.02114692515398219
2024-11-12,0.96375537,2,0.0006747638326585,0.0006503072666574,223.98373413085938,226.98043823242188,222.23089599609375,222.95928955078125,223.53536071777344,226.1150161743164,-0.013202477380425015,-0.013290404849366283
2024-11-15,0.85067713,2,0.0006747638326585,0.0005740061623525,224.7528839111328,223.98373413085938,226.98043823242188,222.23089599609375,224.18144836425782,225.3015609741211,0.0034339537344443283,0.003428071178422624
2024-11-18,0.9651576,4,0.0013495276653171,0.001302506920458,227.7695770263672,224.7528839111328,223.98373413085938,226.98043823242188,225.143505859375,224.76283416748046,0.013422266547766126,0.013332985939628984
2024-11-19,0.9430916,2,0.0006747638326585,0.0006363640832193,228.02928161621094,227.7695770263672,224.7528839111328,223.98373413085938,226.30318298339844,224.60629272460938,0.0011402075432298542,0.0011395580003046447
2024-11-21,0.9932469,2,0.0006747638326585,0.0006702070937626,228.26902770996094,228.02928161621094,227.7695770263672,224.7528839111328,226.56090087890624,224.89180603027344,0.0010513829278886444,0.0010508306119545797
2024-11-27,0.9755438,8,0.0026990553306342,0.0026330466856036,234.67198181152344,228.26902770996094,228.02928161621094,227.7695770263672,228.69855041503905,226.11695556640626,0.02805003449569199,0.0276638375369615
2024-12-02,0.7996581,2,0.0006747638326585,0.0005395803776508,239.3268585205078,234.67198181152344,228.26902770996094,228.02928161621094,231.61334533691405,227.89739685058595,0.019835673066088244,0.019641509480233063
2024-12-04,0.12637046,4,0.0013495276653171,0.0001705404315721,242.74310302734375,239.3268585205078,234.67198181152344,228.26902770996094,234.60805053710936,229.8757781982422,0.014274388290369089,0.014173468455326898
2024-12-05,0.8948241,2,0.0006747638326585,0.0006037949309175,242.7730712890625,242.74310302734375,239.3268585205078,234.67198181152344,237.5568084716797,231.92999572753905,0.0001234566969978701,0.00012344907684701926
2024-12-09,0.8852412,6,0.0020242914979757,0.0017919862559932,246.47900390625,242.7730712890625,242.74310302734375,239.3268585205078,241.1988037109375,233.87985229492188,0.01526500693635402,0.015149668993226003
2024-12-10,0.39722523,6,0.0020242914979757,0.0008040996577575,247.4978790283203,246.47900390625,242.7730712890625,242.74310302734375,243.76398315429688,236.23126678466798,0.004133719732402952,0.004125199385403575
2024-12-11,0.69967556,6,0.0020242914979757,0.0014163472874444,246.2192840576172,247.4978790283203,246.47900390625,242.7730712890625,245.14246826171876,238.3779067993164,-0.005166084556857187,-0.005179474908716754
2024-12-12,0.9017805,8,0.0026990553306342,0.0024339554280887,247.68768310546875,246.2192840576172,247.4978790283203,246.47900390625,246.13138427734376,240.36971740722657,0.005963785710253022,0.0059460727296458205
2024-12-13,0.9739814,2,0.0006747638326585,0.000657207409219,247.85748291015625,247.68768310546875,246.2192840576172,247.4978790283203,247.1482666015625,242.3525375366211,0.0006855399612875068,0.0006853050861063307
2024-12-16,0.86983657,4,0.0013495276653171,0.0011738685139438,250.7642822265625,247.85748291015625,247.68768310546875,246.2192840576172,248.005322265625,244.60206298828126,0.011727704494844282,0.01165946795563418
2024-12-17,0.9332395,2,0.0006747638326585,0.0006297162750311,253.20159912109375,250.7642822265625,247.85748291015625,247.68768310546875,249.14606628417968,246.45502471923828,0.009719553649706558,0.009672622642056254
2024-12-18,0.81344926,2,0.0006747638326585,0.0005488861427616,247.77757263183594,253.20159912109375,250.7642822265625,247.85748291015625,249.45772399902344,247.3000961303711,-0.021421770273511442,-0.021654546719868356
2024-12-19,0.89580345,2,0.0006747638326585,0.0006044557702686,249.51565551757812,247.77757263183594,253.20159912109375,250.7642822265625,249.8233184814453,247.97735137939452,0.007014690099998555,0.006990201614131423
2024-12-20,0.8134849,2,0.0006747638326585,0.0005489101937586,254.21051025390625,249.51565551757812,247.77757263183594,253.20159912109375,251.09392395019532,249.1210952758789,0.018815872401230394,0.01864104350831368
2024-12-26,0.69787043,6,0.0020242914979757,0.0014126931848796,258.7355041503906,254.21051025390625,249.51565551757812,247.77757263183594,252.68816833496095,250.34674530029298,0.017800184154324716,0.017643616106283642
2024-12-27,0.93985444,6,0.0020242914979757,0.0019025393584479,255.30929565429688,258.7355041503906,254.21051025390625,249.51565551757812,253.10970764160157,251.1278869628906,-0.01324212735064867,-0.013330586108350995
2024-12-31,0.5750144,4,0.0013495276653171,0.000775997857494,250.1449737548828,255.30929565429688,258.7355041503906,254.21051025390625,253.58318786621095,251.52045593261718,-0.020227708067499628,-0.020435089487082427
2025-01-03,0.94392055,4,0.0013495276653171,0.0012738468997713,243.0927276611328,250.1449737548828,255.30929565429688,258.7355041503906,252.29860229492186,251.0609603881836,-0.028192635606024585,-0.028597678942757245
2025-01-06,0.9464766,4,0.0013495276653171,0.0012772963275471,244.73092651367188,243.0927276611328,250.1449737548828,255.30929565429688,250.402685546875,250.74830474853516,0.006738987497901139,0.006716382023496183
2025-01-07,0.9438251,4,0.0013495276653171,0.0012737181183458,241.94400024414062,244.73092651367188,243.0927276611328,250.1449737548828,247.044384765625,249.86627655029298,-0.011387715926354569,-0.011453052459544375
2025-01-10,-0.24147767,4,0.0013495276653171,-0.0003258807939073,236.58987426757812,241.94400024414062,244.73092651367188,243.0927276611328,243.30050048828124,248.2051040649414,-0.022129608385245247,-0.022378141640682855
2025-01-13,0.9565755,4,0.0013495276653171,0.0012909251186046,234.14256286621094,236.58987426757812,241.94400024414062,244.73092651367188,240.1000183105469,246.84160308837892,-0.010344108804078989,-0.010397980925632412
2025-01-14,0.37349913,4,0.0013495276653171,0.0005040474024861,233.02378845214844,234.14256286621094,236.58987426757812,241.94400024414062,238.08623046875,245.19241638183593,-0.004778176169113579,-0.0047896281471401245
2025-01-15,0.6782117,6,0.0020242914979757,0.001372898155861,237.60874938964844,233.02378845214844,234.14256286621094,236.58987426757812,236.66179504394532,243.53224029541016,0.01967593509639265,0.01948486612563491
2025-01-16,0.9438158,10,0.0033738191632928,0.0031842639249989,228.00930786132812,237.60874938964844,233.02378845214844,234.14256286621094,233.8748565673828,240.4596206665039,-0.04040020223572849,-0.04123895876664944
2025-01-17,0.94901294,10,0.0033738191632928,0.0032017980268609,229.7274169921875,228.00930786132812,237.60874938964844,233.02378845214844,232.5023651123047,237.90143280029298,0.007535258744368001,0.007507010498671303
2025-01-21,0.7242698,12,0.0040485829959514,0.0029322664264725,222.39547729492188,229.7274169921875,228.00930786132812,237.60874938964844,230.15294799804687,235.12648315429686,-0.03191582351493971,-0.032436236307508956
2025-01-22,0.8980423,2,0.0006747638326585,0.0006059664785459,223.58416748046875,222.39547729492188,229.7274169921875,228.00930786132812,228.26502380371093,233.17562713623047,0.005344938665144516,0.005330705176035379
2025-01-23,0.9633753,2,0.0006747638326585,0.000650050789721,223.41436767578125,223.58416748046875,222.39547729492188,229.7274169921875,225.4261474609375,231.0439712524414,-0.0007594446717803516,-0.0007597331959731219
2025-01-24,0.78743714,4,0.0013495276653171,0.0010626682063989,222.5353240966797,223.41436767578125,223.58416748046875,222.39547729492188,224.33135070800782,229.1031036376953,-0.003934588398438299,-0.003942349255244434
2025-01-27,0.8001443,14,0.0047233468286099,0.0037793591115799,229.6075439453125,222.5353240966797,223.41436767578125,223.58416748046875,224.3073760986328,228.40487060546874,0.03178021232063055,0.03128567181996685
2025-01-28,0.8116074,6,0.0020242914979757,0.0016429300008997,237.99832153320312,229.6075439453125,222.5353240966797,223.41436767578125,227.42794494628907,228.79044647216796,0.03654399783087747,0.03589210045480072
2025-01-29,0.7492552,2,0.0006747638326585,0.0005055702971382,239.0971221923828,237.99832153320312,229.6075439453125,222.5353240966797,230.53053588867186,229.3977798461914,0.0046168420520831255,0.004606217126666895
2025-01-30,0.89228326,20,0.0067476383265856,0.0060208047288953,237.3290557861328,239.0971221923828,237.99832153320312,229.6075439453125,233.3134735107422,229.36981048583985,-0.0073947623879278,-0.00742223918336674
2025-01-31,0.8681277,14,0.0047233468286099,0.0041004682359425,235.74081420898438,237.3290557861328,239.0971221923828,237.99832153320312,235.95457153320314,230.14296112060546,-0.006692149732309471,-0.006714642572797477
2025-02-03,0.70601475,26,0.0087719298245614,0.0061931118630526,227.75958251953125,235.74081420898438,237.3290557861328,239.0971221923828,235.58497924804686,229.94617767333983,-0.03385596048030004,-0.03444234665165202
2025-02-04,0.537462,26,0.0087719298245614,0.0047145789129692,232.54432678222656,227.75958251953125,235.74081420898438,237.3290557861328,234.49418029785156,230.9610626220703,0.021007872466946687,0.020790249698293767
2025-02-05,0.7303275,27,0.0091093117408906,0.0066527807519503,232.21469116210938,232.54432678222656,227.75958251953125,235.74081420898438,233.11769409179686,231.82411499023436,-0.0014175173597156254,-0.0014185229878907809
2025-02-06,0.78069615,41,0.0138326585695006,0.0107991033398348,232.9638671875,232.21469116210938,232.54432678222656,227.75958251953125,232.24465637207032,232.77906494140626,0.003226221483410008,0.00322102839724635
2025-02-07,0.59734744,25,0.0084345479082321,0.0050383555864998,227.3800048828125,232.9638671875,232.21469116210938,232.54432678222656,230.57249450683594,233.26353302001954,-0.023968791264069034,-0.0242607169164075
2025-02-10,0.81144756,31,0.0104588394062078,0.0084867997248323,227.64999389648438,227.3800048828125,232.9638671875,232.21469116210938,230.55057678222656,233.06777801513672,0.0011873911860060815,0.0011866867946287159
2025-02-11,0.8673648,46,0.0155195681511471,0.0134611274951543,232.6199951171875,227.64999389648438,227.3800048828125,232.9638671875,230.56571044921876,232.52994537353516,0.021831765227118938,0.021596864950554
2025-02-12,0.56864023,34,0.0114709851551956,0.0065228636609076,236.8699951171875,232.6199951171875,227.64999389648438,227.3800048828125,231.49677124023438,232.30723266601564,0.018270140526221557,0.018105246900216396
2025-02-13,0.79299486,35,0.0118083670715249,0.0093639743553321,241.52999877929688,236.8699951171875,232.6199951171875,227.64999389648438,233.20999755859376,232.72732696533203,0.01967325435120615,0.019482237105356896
2025-02-14,0.66431487,84,0.0283400809716599,0.0188267370949872,244.60000610351562,241.52999877929688,236.8699951171875,232.6199951171875,236.65399780273438,233.61324615478514,0.012710666748373622,0.012630564280164371
2025-02-18,0.7611588,64,0.0215924426450742,0.0164352782502991,244.47000122070312,244.60000610351562,241.52999877929688,236.8699951171875,240.01799926757812,235.28428802490234,-0.0005314999164697243,-0.0005316412126184736
2025-02-19,0.66127056,88,0.029689608636977,0.0196328640949388,244.8699951171875,244.47000122070312,244.60000610351562,241.52999877929688,242.46799926757814,236.51685485839843,0.001636167605379324,0.0016348305414047041
2025-02-20,0.63477844,85,0.0286774628879892,0.0182038351551563,245.8300018310547,244.8699951171875,244.47000122070312,244.60000610351562,244.26000061035157,237.87838592529297,0.003920475080696484,0.003912810045455582
2025-02-21,0.71816516,91,0.0307017543859649,0.0220489303270975,245.5500030517578,245.8300018310547,244.8699951171875,244.47000122070312,245.06400146484376,239.13699951171876,-0.001138993520771736,-0.001139642666854185
2025-02-24,0.6433625,68,0.0229419703103913,0.0147600038814158,247.10000610351562,245.5500030517578,245.8300018310547,244.8699951171875,245.56400146484376,241.10899963378907,0.00631237235794746,0.006292532781645794
2025-02-25,0.6843052,107,0.0360998650472334,0.0247033250476667,247.0399932861328,247.10000610351562,245.5500030517578,245.8300018310547,246.0779998779297,243.0479995727539,-0.0002428685386501872,-0.00024289803598980076
2025-02-26,0.72708154,76,0.0256410256410256,0.018643116339659,240.36000061035156,247.0399932861328,247.10000610351562,245.5500030517578,245.1760009765625,243.8220001220703,-0.027040126527384523,-0.02741243765411392
2025-02-27,0.64438087,108,0.0364372469635627,0.0234794648070084,237.3000030517578,240.36000061035156,247.0399932861328,247.10000610351562,243.47000122070312,243.86500091552733,-0.012730893454915293,-0.01281262570299563
2025-02-28,0.6569013,78,0.0263157894736842,0.0172868763145647,241.83999633789062,237.3000030517578,240.36000061035156,247.0399932861328,242.72799987792968,243.89600067138673,0.019131872009047424,0.018951159026453217
2025-03-03,0.5491996,94,0.0317139001349527,0.0174172606706297,238.02999877929688,241.83999633789062,237.3000030517578,240.36000061035156,240.91399841308595,243.23899993896484,-0.01575420780800274,-0.015879624308909664
2025-03-04,0.6992232,108,0.0364372469635627,0.0254777691624907,235.92999267578125,238.02999877929688,241.83999633789062,237.3000030517578,238.69199829101564,242.38499908447267,-0.00882244302938795,-0.008861591205009525
2025-03-05,0.6996506,66,0.0222672064777327,0.0155792640529663,235.74000549316406,235.92999267578125,238.02999877929688,241.83999633789062,237.76799926757812,241.4720001220703,-0.0008052693108767661,-0.0008055937143747655
2025-03-06,0.6155736,59,0.0199055330634278,0.0122533203498554,235.3300018310547,235.74000549316406,235.92999267578125,238.02999877929688,237.3739990234375,240.4220001220703,-0.0017392197020257294,-0.0017407339005489856
2025-03-07,0.7277101,83,0.0280026990553306,0.0203778477091538,239.07000732421875,235.3300018310547,235.74000549316406,235.92999267578125,236.82000122070312,239.7740005493164,0.015892599600832114,0.01576763451439519
