date_only,sentiment_score,post_count,normalized_post_count,weighted_sentiment_score
2024-10-30,0.6859724,6,0.0010438413361169101,0.0007160463387881539
2024-10-31,0.9828204,10,0.0017397355601948504,0.0017098475846467785
2024-11-01,0.7094579,16,0.0027835768963117608,0.0019748305478026326
2024-11-02,0.8398884,6,0.0010438413361169101,0.0008767102232556751
2024-11-03,0.7845433,10,0.0017397355601948504,0.0013648978354786532
2024-11-04,0.8941369,8,0.0013917884481558804,0.0012444494163815812
2024-11-05,0.89806205,12,0.0020876826722338203,0.0018748685810909388
2024-11-06,0.7605464,8,0.0013917884481558804,0.0010585196746581947
2024-11-07,0.97905713,6,0.0010438413361169101,0.001021980306051967
2024-11-08,0.6433146,18,0.003131524008350731,0.002014555114793877
2024-11-09,0.83261496,4,0.0006958942240779402,0.0005794119403523211
2024-11-10,0.910761,8,0.0013917884481558804,0.0012675866370576076
2024-11-11,0.95666665,6,0.0010438413361169101,0.000998608192471721
2024-11-12,0.5947874,14,0.0024356297842727907,0.0014486819526430793
2024-11-13,0.79219425,18,0.003131524008350731,0.002480775304527522
2024-11-14,0.7494353,26,0.004523312456506611,0.003389930053145502
2024-11-15,0.7612334,22,0.003827418232428671,0.0029135585536372768
2024-11-16,0.71752506,10,0.0017397355601948504,0.0012483038708163204
2024-11-17,0.7081666,8,0.0013917884481558804,0.0009856180922389445
2024-11-18,0.6720566,28,0.0048712595685455815,0.003273762218140859
2024-11-19,0.72952586,32,0.0055671537926235215,0.004061382681276538
2024-11-20,0.6715411,20,0.003479471120389701,0.0023366078454417826
2024-11-21,0.43751892,20,0.003479471120389701,0.0015223344623337377
2024-11-22,0.91752344,22,0.003827418232428671,0.003511745957093846
2024-11-23,0.8543408,8,0.0013917884481558804,0.0011890616446795692
2024-11-24,0.8821729,10,0.0017397355601948504,0.001534747534023861
2024-11-25,0.6002268,12,0.0020876826722338203,0.0012530831305119588
2024-11-26,0.4802875,10,0.0017397355601948504,0.0008355732294280412
2024-11-27,0.7861071,14,0.0024356297842727907,0.0019146659221596079
2024-11-28,0.80469435,6,0.0010438413361169101,0.0008399732302026608
2024-11-29,0.53286195,4,0.0006958942240779402,0.00037081555185337905
2024-11-30,0.9805565,4,0.0006958942240779402,0.0006823635964071743
2024-12-01,0.94744176,6,0.0010438413361169101,0.0009889788692331015
2024-12-02,0.7272589,18,0.003131524008350731,0.002277428770363953
2024-12-03,0.85940063,20,0.003479471120389701,0.0029902596729201583
2024-12-04,0.9058172,12,0.0020876826722338203,0.0018910588949358786
2024-12-05,0.81894463,12,0.0020876826722338203,0.0017096965198477026
2024-12-06,0.97658,10,0.0017397355601948504,0.0016989909947208838
2024-12-07,0.83864725,8,0.0013917884481558804,0.0011672195495626707
2024-12-08,0.81320786,4,0.0006958942240779402,0.00056590665606218
2024-12-09,0.86833346,10,0.0017397355601948504,0.0015106705965561094
2024-12-10,0.0046798885,4,0.0006958942240779402,3.2567073673362444e-06
2024-12-11,0.86417675,8,0.0013917884481558804,0.0012027512180697363
2024-12-12,0.8381528,18,0.003131524008350731,0.0026246956967610658
2024-12-13,0.98454607,2,0.0003479471120389701,0.00034256996010108054
2024-12-14,0.73295414,4,0.0006958942240779402,0.0005100585556561199
2024-12-15,0.95958114,4,0.0006958942240779402,0.0006677669705661039
2024-12-16,0.66072387,20,0.003479471120389701,0.0022989696069317888
2024-12-17,0.9385413,14,0.0024356297842727907,0.0022859391273519773
2024-12-18,0.5565573,8,0.0013917884481558804,0.0007746100176849047
2024-12-19,0.7876784,20,0.003479471120389701,0.002740704316435876
2024-12-20,0.800931,16,0.0027835768963117608,0.0022294529627492716
2024-12-21,0.96648747,12,0.0020876826722338203,0.002017719138390336
2024-12-22,0.96683013,10,0.0017397355601948504,0.001682028765469354
2024-12-23,0.75498664,10,0.0017397355601948504,0.0013134771116757112
2024-12-24,0.8721246,12,0.0020876826722338203,0.0018207194411928816
2024-12-25,0.62379116,10,0.0017397355601948504,0.0010852316600544717
2024-12-26,0.6739879,8,0.0013917884481558804,0.0009380486082848196
2024-12-27,0.3801819,8,0.0013917884481558804,0.0005291327885977494
2024-12-28,0.49590972,6,0.0010438413361169101,0.0005176510654063215
2024-12-29,0.98454607,2,0.0003479471120389701,0.00034256996010108054
2024-12-30,0.7744813,8,0.0013917884481558804,0.0010779141218361958
2024-12-31,0.3819176,12,0.0020876826722338203,0.0007973227471050986
2025-01-01,0.9372182,6,0.0010438413361169101,0.0009783070868888328
2025-01-02,0.9162026,12,0.0020876826722338203,0.001912740302235199
2025-01-03,0.49899602,4,0.0006958942240779402,0.00034724844771287635
2025-01-04,0.97394276,4,0.0006958942240779402,0.0006777611389372527
2025-01-05,0.6951843,8,0.0013917884481558804,0.0009675494647308116
2025-01-06,0.9522352,8,0.0013917884481558804,0.001325309981715787
2025-01-07,0.86021215,30,0.005219206680584551,0.0044896249855734364
2025-01-08,0.7208724,38,0.006610995128740431,0.004765683939329185
2025-01-09,0.89040375,26,0.004523312456506611,0.004027574362651955
2025-01-10,0.78180695,42,0.007306889352818371,0.005712576848231178
2025-01-11,0.92855144,16,0.0027835768963117608,0.00258469432281303
2025-01-12,0.91528296,18,0.003131524008350731,0.0028662305784125917
2025-01-13,0.85949296,38,0.006610995128740431,0.005682103755827487
2025-01-14,0.8293288,16,0.0027835768963117608,0.002308500418666343
2025-01-15,0.78295046,22,0.003827418232428671,0.0029966788691784163
2025-01-16,0.7426954,40,0.006958942240779402,0.005168374329701678
2025-01-17,0.77848345,22,0.003827418232428671,0.0029795817517537415
2025-01-18,0.9797988,8,0.0013917884481558804,0.0013636726427177796
2025-01-19,0.94739866,12,0.0020876826722338203,0.0019778677715389112
2025-01-20,0.7275049,20,0.003479471120389701,0.002531332320941349
2025-01-21,0.82268924,40,0.006958942240779402,0.005725046869940283
2025-01-22,0.8851262,26,0.004523312456506611,0.0040037022461556025
2025-01-23,0.9708966,18,0.003131524008350731,0.003040386017777477
2025-01-24,0.89453256,30,0.005219206680584551,0.004668750319948773
2025-01-25,0.75594145,22,0.003827418232428671,0.0028933040906591557
2025-01-26,0.9445881,32,0.0055671537926235215,0.0052586673611804855
2025-01-27,0.7038306,266,0.04627696590118302,0.032571144666452743
2025-01-28,0.7948927,178,0.030967292971468337,0.02461567599904479
2025-01-29,0.76384556,102,0.017745302713987474,0.013554670741015537
2025-01-30,0.7586981,112,0.019485038274182326,0.01478326163029787
2025-01-31,0.75643456,84,0.014613778705636743,0.011054367262535652
2025-02-01,0.88242084,96,0.016701461377870562,0.014737717542867321
2025-02-02,0.7022954,75,0.013048016701461378,0.009163562402844678
2025-02-03,0.75947285,146,0.025400139178844816,0.01929071601596904
2025-02-04,0.6785525,91,0.015831593597773138,0.010742567547013051
2025-02-05,0.7200053,88,0.015309672929714684,0.01102304524983809
2025-02-06,0.7723642,115,0.02000695894224078,0.015452658821081402
2025-02-07,0.71140975,87,0.015135699373695199,0.010767684071198385
2025-02-08,0.697583,34,0.005915100904662491,0.004126273951102398
2025-02-09,0.6742193,30,0.005219206680584551,0.0035188899284115914
2025-02-10,0.7561902,78,0.013569937369519834,0.010261453392610172
2025-02-11,0.8509491,106,0.018441196938065414,0.01569252009597518
2025-02-12,0.6525315,51,0.008872651356993737,0.005789684540045784
2025-02-13,0.6853142,87,0.015135699373695199,0.010372709381804337
2025-02-14,0.6541427,112,0.019485038274182326,0.012745995113396696
2025-02-15,0.754651,54,0.009394572025052192,0.007089623267565987
2025-02-16,0.8350825,54,0.009394572025052192,0.007845242424150597
2025-02-17,0.79925835,56,0.009742519137091163,0.007786789783273377
2025-02-18,0.7814398,110,0.019137091162143353,0.014954484330338575
2025-02-19,0.71096885,126,0.021920668058455117,0.015584912205538821
2025-02-20,0.67327505,113,0.01965901183020181,0.013235922241758454
2025-02-21,0.64573175,121,0.02105080027835769,0.013593170042658483
2025-02-22,0.6354301,59,0.010264439805149617,0.006522333986989807
2025-02-23,0.72353876,56,0.009742519137091163,0.00704909018036717
2025-02-24,0.64587826,122,0.021224773834377174,0.013708619894712603
2025-02-25,0.72507113,171,0.029749478079331943,0.021570487752836782
2025-02-26,0.6940076,168,0.029227557411273485,0.020284146257133723
2025-02-27,0.650669,231,0.04018789144050104,0.026149014279339657
2025-02-28,0.69194853,171,0.029749478079331943,0.02058510771623982
2025-03-01,0.8599459,44,0.007654836464857342,0.00658274518174269
2025-03-02,0.71620667,46,0.008002783576896311,0.005731646974798533
2025-03-03,0.6634701,182,0.031663187195546276,0.021007577640444516
2025-03-04,0.73657054,214,0.0372303409881698,0.027422772257711295
2025-03-05,0.7222377,111,0.019311064718162838,0.013947179086024178
2025-03-06,0.62254155,123,0.02139874739039666,0.013321609300462089
2025-03-07,0.74566823,127,0.0220946416144746,0.0164752723590815
2025-03-08,0.70798683,50,0.008698677800974252,0.00615854933598677
2025-03-09,0.6006883,21,0.0036534446764091857,0.002194581393906866
